<?xml version="1.0" encoding="UTF-8" ?>
<databaseChangeLog xmlns="http://www.liquibase.org/xml/ns/dbchangelog"
                   xmlns:xsi="http://www.w3.org/2001/XMLSchema-instance"
                   xmlns:ext="http://www.liquibase.org/xml/ns/dbchangelog-ext"
                   xsi:schemaLocation="http://www.liquibase.org/xml/ns/dbchangelog http://www.liquibase.org/xml/ns/dbchangelog/dbchangelog-3.0.xsd
        http://www.liquibase.org/xml/ns/dbchangelog-ext http://www.liquibase.org/xml/ns/dbchangelog/dbchangelog-ext.xsd">

    <changeSet id="2022-04-30--0001-point.xml" author="koribsky">
        <!-- Проверяем нет ли уже таблицы с таким названием -->
        <preConditions onFail="MARK_RAN">
            <not>
                <tableExists tableName="point"/>
            </not>
        </preConditions>

        <!-- Создаем таблицу -->
        <createTable tableName="point">

            <!-- Описываем колонки -->
            <column name="id"
                    type="NUMERIC(19,0)"
                    autoIncrement="true">
                <constraints primaryKey="true" nullable="false"/>
            </column>

            <column name="description" type="VARCHAR(100)">
                <constraints nullable="false"/>
            </column>

            <column name="photo" type="VARCHAR(20000000000)">
                <constraints nullable="false" />
            </column>

            <column name="X" type="NUMERIC(19,0)">
                <constraints nullable="false"/>
            </column>
            <column name="Y" type="NUMERIC(19,0)">
                <constraints nullable="false"/>
            </column>

            <column name="PET_NAME" type="VARCHAR(100)">
                <constraints nullable="false"/>

            </column>

            <column name="PET_COLOR" type="VARCHAR(100)">
                <constraints nullable="false"/>

            </column>
            <column name="PET_CONTACT" type="VARCHAR(100)">
                <constraints nullable="false"/>

            </column>
            <column name="PET_STATUS" type="VARCHAR(100)">
                <constraints nullable="false"/>

            </column>


        </createTable>
    </changeSet>


</databaseChangeLog>